part_number,name,description
D212000020,VENT HANDLE,VENT HANDLE
ASN3913-001.0370,"AIR HOSE 51-53,6","AIR HOSE 51-53,6 | Notice: NTC UNIV9 0272051"
N3211-002,HEXAGON NUT M5 Zn,HEXAGON NUT M5 Zn | Notice: DIN439B M5 04 A2K
N3211-003,HEXAGON NUT M6 Zn,HEXAGON NUT M6 Zn | Notice: DIN439B M6 04 A2K
N3222-001,HEXAGON NUT M3 Zn,HEXAGON NUT M3 Zn | Notice: DIN985 M3 8 A2K
N3264-003,"SERRATED WASHER 6,4 Zn","SERRATED WASHER 6,4 Zn | Notice: DIN6798J 6,4 FSt A2K"
N3252-002,"SHIM RING 6x12x0,5 Zn","SHIM RING 6x12x0,5 Zn | Notice: DIN988 6x12x0,5 A4C"
N4310-006,HOSE CLAMP 40-60x9,HOSE CLAMP 40-60x9 | Notice: DIN3017-1A 40-60x9 W2 B
N3190-001,BOWDEN CABLE SCREW M6,BOWDEN CABLE SCREW M6
N3752-001,BOWDEN ENDING,BOWDEN ENDING | Notice: KCK 42425
N3540-001,CABLE END FITTING M3,CABLE END FITTING M3 | Notice: KAVAN 1408
N3191-001,RC MODEL SCREW M3,RC MODEL SCREW M3 | Notice: KAVAN 0130A
N4510-102,MECHANICALLY CONTROLLER,MECHANICALLY CONTROLLER | Notice: GAMMA 106-1001-AR-7
D212000010,VENT FLAP KNOB,VENT FLAP KNOB
N3145-003,SET SCREW M4x8,SET SCREW M4x8 | Notice: DIN913 M4x8 45H 002
N6141-001,BALL VENT,BALL VENT | Notice: AVEO AVE-BVSLV-150
D21400100A,SHROUD ARKTIK,SHROUD ARKTIK
D214000010,DEFLECTOR-LAMINATE,DEFLECTOR-LAMINATE
D214000020,AIR DEFLECTOR,AIR DEFLECTOR
D214000030,"DISTANCE TUBE 6x1-6,5","DISTANCE TUBE 6x1-6,5"
D214000040,BOWDEN ANCHOR,BOWDEN ANCHOR
N3611-003,HANDLE M5 SHORTENED,HANDLE M5 SHORTENED | Notice: GAMMA 165-172-306
D21400400A,FLAP TROPIC,FLAP TROPIC
ASN3913-001.0075,"AIR HOSE 51-53,6","AIR HOSE 51-53,6 | Notice: NTC UNIV9 0272051"
ASN3913-001.0160,"AIR HOSE 51-53,6","AIR HOSE 51-53,6 | Notice: NTC UNIV9 0272051"
ASN4311-001.0500,PERFORATED STEEL BAND 10,PERFORATED STEEL BAND 10 | Notice: OETIKER PG 17400081
N3112-003,BOLT M5x18 Cd,BOLT M5x18 Cd | Notice: LN 9037-05 018
N3112-007,BOLT M6x20 Cd,BOLT M6x20 Cd | Notice: LN 9037-06 020
N3225-001,SELF-LOCKING NUT M4 Zn,SELF-LOCKING NUT M4 Zn | Notice: FABORY 13100040001
N3211-002,HEXAGON NUT M5 Zn,HEXAGON NUT M5 Zn | Notice: DIN439B M5 04 A2K
N3222-001,HEXAGON NUT M3 Zn,HEXAGON NUT M3 Zn | Notice: DIN985 M3 8 A2K
N3227-002,NUT M5 Cd,NUT M5 Cd | Notice: LN 9348-05
N3227-003,NUT M6 Cd,NUT M6 Cd | Notice: LN 9348-06
N3250-005,"WASHER 5,3 Zn","WASHER 5,3 Zn | Notice: DIN125A 5,3 140HV A2A"
N3250-007,"WASHER 6,4 Zn","WASHER 6,4 Zn | Notice: DIN125A 6,4 200HV A2A"
N3254-008,"WASHER 6,4 Zn","WASHER 6,4 Zn | Notice: DIN9021 6,4 100HV A2K"
N4310-006,HOSE CLAMP 40-60x9,HOSE CLAMP 40-60x9 | Notice: DIN3017-1A 40-60x9 W2 B
N3752-001,BOWDEN ENDING,BOWDEN ENDING | Notice: KCK 42425
N4311-002,HOSE CLAMP - LOCK,HOSE CLAMP - LOCK | Notice: OETIKER PG 17400002
N3540-001,CABLE END FITTING M3,CABLE END FITTING M3 | Notice: KAVAN 1408
N3191-001,RC MODEL SCREW M3,RC MODEL SCREW M3 | Notice: KAVAN 0130A
N4510-102,MECHANICALLY CONTROLLER,MECHANICALLY CONTROLLER | Notice: GAMMA 106-1001-AR-7
N3135-011,SCREW M4x20 Zn,SCREW M4x20 Zn | Notice: DIN965H M4x20 4.8 A2K
N3227-001,NUT M4 Cd,NUT M4 Cd | Notice: LN 9348-04
N3254-002,"WASHER 4,3 Zn","WASHER 4,3 Zn | Notice: DIN9021 4,3 100HV A2K"
N7350-001,ANTENNA,ANTENNA | Notice: RAMI AV-17
N4316-201,SLEEVE PA66 3,SLEEVE PA66 3 | Notice: FIX&FASTEN CC-3
N4331-351,"ALUMINUM TAPE 50,8","ALUMINUM TAPE 50,8 | Notice: 3M 3311 45 m - 600 mm"
D235001010,HOLDER 4,HOLDER 4
N2933-011,PUSH-BUTTON SWITCH 1 P,PUSH-BUTTON SWITCH 1 P | Notice: MIYAMA DS412SCHWARZ
N3130-001,BOLT M4x12,BOLT M4x12 | Notice: NFE25-129 M4x12 A2
N3230-002,RIVNUT M4 Zn,RIVNUT M4 Zn | Notice: ARCUS 39057-4030
N2926-004,HEADPHONE CONNECTOR,HEADPHONE CONNECTOR | Notice: SWITCHCRAFT 12B
N2926-003,HEADPHONE CONNECTOR,HEADPHONE CONNECTOR | Notice: SWITCHCRAFT S-12B
N2955-004,INSULATING FRONT WASHER,INSULATING FRONT WASHER | Notice: PS ENGINEE.475-003-0001
N2955-003,INSULATING BACK WASHER,INSULATING BACK WASHER | Notice: PS ENGINEE.475-003-0002
D24300200A,ACCUMULATOR HOLDER,ACCUMULATOR HOLDER
D243001010,ACCUMULATOR COVER,ACCUMULATOR COVER
D243001020,HEAT PROTECTION,HEAT PROTECTION
N3112-007,BOLT M6x20 Cd,BOLT M6x20 Cd | Notice: LN 9037-06 020
N3112-014,BOLT M6x36 Cd,BOLT M6x36 Cd | Notice: LN 9037-06 036
N3112-003,BOLT M5x18 Cd,BOLT M5x18 Cd | Notice: LN 9037-05 018
N3110-003,BOLT M4x10 Zn,BOLT M4x10 Zn | Notice: DIN933 M4x10 8.8 A2A
N3112-002,BOLT M5x15 Cd,BOLT M5x15 Cd | Notice: LN 9037-05 015
N3112-009,BOLT M6x25 Cd,BOLT M6x25 Cd | Notice: LN 9037-06 025
N3227-003,NUT M6 Cd,NUT M6 Cd | Notice: LN 9348-06
N3227-002,NUT M5 Cd,NUT M5 Cd | Notice: LN 9348-05
N3250-007,"WASHER 6,4 Zn","WASHER 6,4 Zn | Notice: DIN125A 6,4 200HV A2A"
N3254-008,"WASHER 6,4 Zn","WASHER 6,4 Zn | Notice: DIN9021 6,4 100HV A2K"
N3254-004,"WASHER 5,3 Zn","WASHER 5,3 Zn | Notice: DIN9021 5,3 100HV A2K"
N3254-002,"WASHER 4,3 Zn","WASHER 4,3 Zn | Notice: DIN9021 4,3 100HV A2K"
N3262-002,SPRING WASHER 4 Zn,SPRING WASHER 4 Zn | Notice: DIN127B 4 FSt A2A
N4620-001,ACCUMULATOR 12V 17Ah,ACCUMULATOR 12V 17Ah | Notice: CSB GP12170
N4620-012,ACCUMULATOR 12V 20Ah,"ACCUMULATOR 12V 20Ah | Notice: CSB GP12200, tow version"
N5222-001,RECTIFIER REGULATOR,RECTIFIER REGULATOR | Notice: ROTAX 965349
D243001030,"WASHER 6,4x20x6 AL","WASHER 6,4x20x6 AL"
N4620-002,ACCUMULATOR,ACCUMULATOR | Notice: DYNON SV-BAT-320
N3130-001,BOLT M4x12,BOLT M4x12 | Notice: NFE25-129 M4x12 A2
N3227-001,NUT M4 Cd,NUT M4 Cd | Notice: LN 9348-04
N3250-004,"WASHER 4,3 Zn","WASHER 4,3 Zn | Notice: DIN125A 4,3 140HV A2A"
N2926-001,12V PLUG,12V PLUG
N3112-003,BOLT M5x18 Cd,BOLT M5x18 Cd | Notice: LN 9037-05 018
N3227-002,NUT M5 Cd,NUT M5 Cd | Notice: LN 9348-05
N3254-004,"WASHER 5,3 Zn","WASHER 5,3 Zn | Notice: DIN9021 5,3 100HV A2K"
N3112-008,BOLT M6x22 Cd,BOLT M6x22 Cd | Notice: LN 9037-06 022
N3227-003,NUT M6 Cd,NUT M6 Cd | Notice: LN 9348-06
N3250-007,"WASHER 6,4 Zn","WASHER 6,4 Zn | Notice: DIN125A 6,4 200HV A2A"
N3254-008,"WASHER 6,4 Zn","WASHER 6,4 Zn | Notice: DIN9021 6,4 100HV A2K"
N2930-002,FUSE,FUSE
N2916-501,ELECTROMAGNETIC RELAY,ELECTROMAGNETIC RELAY
D246003010,COVER,COVER
N3112-008,BOLT M6x22 Cd,BOLT M6x22 Cd | Notice: LN 9037-06 022
N3112-025,BOLT M6x34 Cd,BOLT M6x34 Cd | Notice: LN 9037-06 034
N3227-003,NUT M6 Cd,NUT M6 Cd | Notice: LN 9348-06
N3226-002,NUT M6 Zn,NUT M6 Zn | Notice: SCHEMPP-HIRTH L01-0638
N3250-007,"WASHER 6,4 Zn","WASHER 6,4 Zn | Notice: DIN125A 6,4 200HV A2A"
N3254-008,"WASHER 6,4 Zn","WASHER 6,4 Zn | Notice: DIN9021 6,4 100HV A2K"
N3252-002,"SHIM RING 6x12x0,5 Zn","SHIM RING 6x12x0,5 Zn | Notice: DIN988 6x12x0,5 A4C"
N2916-101,STARTER RELAY,STARTER RELAY
D251000030,TUNNEL COVER,TUNNEL COVER
D25100500A,UPHOLSTERED ARMREST,UPHOLSTERED ARMREST
D25120200A,UPHOLSTERED SIDEWALL RIGHT,UPHOLSTERED SIDEWALL RIGHT
D25100300A,UPHOLSTERED SEAT,UPHOLSTERED SEAT
N3112-018,BOLT M8x32 Cd,BOLT M8x32 Cd | Notice: LN 9037-08 032
N3130-001,BOLT M4x12,BOLT M4x12 | Notice: NFE25-129 A2
N3227-004,NUT M8 Cd,NUT M8 Cd | Notice: LN 9348-08
N3254-010,"WASHER 8,4 Zn","WASHER 8,4 Zn | Notice: DIN9021 8,4 100HV A2K"
D25110100A,LEFT LOWERED SEATER,LEFT LOWERED SEATER
D25120100A,RIGHT LOWERED SEATER,RIGHT LOWERED SEATER
D251000010,WASHER 8x20x4,WASHER 8x20x4
N3112-018,BOLT M8x32 Cd,BOLT M8x32 Cd | Notice: LN 9037-08 032
D25100400A,CARPET,CARPET
D25110200A,UPHOLSTERED SIDEWALL LEFT,UPHOLSTERED SIDEWALL LEFT
N3130-003,BOLT M5x12,BOLT M5x12 | Notice: NFE25-129 M5x12 A2
N3420-010,SEAT BELTS BLACK,SEAT BELTS BLACK | Notice: COLOUR IS OPTION
N3420-011,SEAT BELTS DARKGREY,SEAT BELTS DARKGREY
N3420-012,SEAT BELTS TAN,SEAT BELTS TAN
N3420-013,SEAT BELTS BLUE,SEAT BELTS BLUE
N3420-014,SEAT BELTS CRUISER GREY,SEAT BELTS CRUISER GREY
N3420-015,SEAT BELTS DOVE GREY,SEAT BELTS DOVE GREY
N3420-016,SEAT BELTS BEIGE,SEAT BELTS BEIGE
N3420-017,SEAT BELTS SILVER,SEAT BELTS SILVER
N3420-018,SEAT BELTS LIGHT GREY,SEAT BELTS LIGHT GREY
N3420-019,SEAT BELTS LLAMA,SEAT BELTS LLAMA
N3420-020,SEAT BELTS CHAMOIS,SEAT BELTS CHAMOIS
N3420-021,SEAT BELTS BROWN,SEAT BELTS BROWN
N3420-022,SEAT BELTS OCHRE BROWN,SEAT BELTS OCHRE BROWN
N3420-023,SEAT BELTS PAMPAS,SEAT BELTS PAMPAS
N3420-024,SEAT BELTS PORT,SEAT BELTS PORT
N3420-025,SEAT BELTS DARK GREEN,SEAT BELTS DARK GREEN
N3420-026,SEAT BELTS SKY BLUE,SEAT BELTS SKY BLUE
N3420-027,SEAT BELTS ASPHALT,SEAT BELTS ASPHALT
N3420-028,SEAT BELTS RED,SEAT BELTS RED
N3420-029,SEAT BELTS SLATE GREY,SEAT BELTS SLATE GREY
N3420-030,SEAT BELTS BLUE JAY,SEAT BELTS BLUE JAY
N3420-031,SEAT BELTS BURGUNDY,SEAT BELTS BURGUNDY
N3420-032,SEAT BELTS LIGHT BRONZE,SEAT BELTS LIGHT BRONZE
D25500100A,HEADSET HOLDER,HEADSET HOLDER
D25500200A,BAGGAGE LUG REAR,BAGGAGE LUG REAR
D255000010,BAGGAGE LUG WASHER,BAGGAGE LUG WASHER
N3130-001,BOLT M4x12,BOLT M4x12 | Notice: NFE25-129 M4x12 A2
N3230-002,RIVNUT M4,RIVNUT M4 | Notice: ARCUS 39057-4030
N3222-005,HEXAGON NUT M5 Zn,HEXAGON NUT M5 Zn | Notice: DIN985 M5 8 A2K
N3250-005,"WASHER 5,3 Zn","WASHER 5,3 Zn | Notice: DIN125A 5,3 140HV A2A"
N3625-001,CARGO ANCHORS,"CARGO ANCHORS | Notice: 23,5"
N3344-003,"RIVET 4,8x9,5","RIVET 4,8x9,5 | Notice: FABORY 33610.048.009"
D25600700A,ANCHORING EYE EPS,ANCHORING EYE EPS
D256010010,COVER CONSOLE,COVER CONSOLE
D256010020,GRIP COVER,GRIP COVER
D256010030,"PIN 5-28,5","PIN 5-28,5"
D256010040,TORSION SPRING,TORSION SPRING
D256001020,PARACHUTE SUPPORT,PARACHUTE SUPPORT
D256003010,REFLECTIVE SURFACE,REFLECTIVE SURFACE
N6110-001,EMER. PARACHUTE SYS. MAGNUM,EMER. PARACHUTE SYS. MAGNUM
-,-,-
N7340-101,TRANSMITTER ELT ASSY,TRANSMITTER ELT ASSY
N7356-003,ANTENNA,ANTENNA
N3136-001,SCREW M5x16,SCREW M5x16 | Notice: DIN7991 M5x16 A3
N3227-003,NUT M6 Cd,NUT M6 Cd | Notice: LN 9348-06
N3222-012,HEXAGON NUT M10 Zn,HEXAGON NUT M10 Zn | Notice: DIN985 M10 5 A3K
N3510-005,"PRESSING CLIPS 4,6-5,0","PRESSING CLIPS 4,6-5,0 | Notice: TOST 217286"
N3254-008,"WASHER 6,4 Zn","WASHER 6,4 Zn | Notice: DIN9021 6,4 100HV A2K"
N3250-007,"WASHER 6,4 Zn","WASHER 6,4 Zn | Notice: DIN125A 6,4 200HV A2A"
N3254-011,WASHER 10 Zn,WASHER 10 Zn | Notice: DIN9021 10 100HV A2K
N4316-001,SLEEVE 72-78,SLEEVE 72-78 | Notice: KOŇAŘÍK 12007278
N3721-001,ROPE,ROPE
N3250-005,"WASHER 5,3 Zn","WASHER 5,3 Zn | Notice: DIN125A 5,3 140HV A2A"
N3315-003,"SPLIT PIN 1,6x12 Zn","SPLIT PIN 1,6x12 Zn | Notice: DIN94 1,6x12 St A2A"
N2941-001,"CU COIL WIRE 0,5","CU COIL WIRE 0,5 | Notice: IEC60317-13 0,5"
N4215-001,RED SEAL 9,RED SEAL 9 | Notice: KOBASEAL GP_9_RED
N3130-002,BOLT M4x16,BOLT M4x16 | Notice: NFE25-129 M4x16 A2
N3227-001,NUT M4 Cd,NUT M4 Cd | Notice: LN 9348-04
N3254-002,"WASHER 4,3 Zn","WASHER 4,3 Zn | Notice: DIN9021 4,3 100HV A2K"
N3250-004,"WASHER 4,3 Zn","WASHER 4,3 Zn | Notice: DIN125A 4,3 140HV A2A"
N2430-001,PUR FOAM 50,PUR FOAM 50 | Notice: MOLITAN CME-35 35
N6110-002,PARACHUTE,PARACHUTE
N6110-003,ACTUATOR WITH ROCKET,ACTUATOR WITH ROCKET
N6110-004,MAIN STRAP,MAIN STRAP
N6110-006,CARABINER,CARABINER
N6110-005,STABILITY STRAP,STABILITY STRAP
D284002010,HOSE SOCKET,HOSE SOCKET
D284003010,ADAPTOR,ADAPTOR
D284003020,RUBBER,RUBBER
N7413-002,FUEL FLOAT L /,FUEL FLOAT L /
N7413-003,FUEL FLOAT R /,FUEL FLOAT R /
N3110-007,BOLT M5x16 Zn,BOLT M5x16 Zn | Notice: DIN933 M5x16 8.8 A2K
N3250-005,"WASHER 5,3 Zn","WASHER 5,3 Zn | Notice: DIN125A 5,3 140HV A2A"
N3254-004,"WASHER 5,3 Zn","WASHER 5,3 Zn | Notice: DIN9021 5,3 100HV A2K"
N3320-002,RING SEAL 10x14,RING SEAL 10x14 | Notice: DIN7603A 10x14 CU
N3227-002,NUT M5 Cd,NUT M5 Cd | Notice: LN 9348-05
N3112-004,BOLT M5x20 Cd,BOLT M5x20 Cd | Notice: LN 9037-05 020
N7411-002,FUEL PRESSURE SENSOR,FUEL PRESSURE SENSOR | Notice: ROAD P906.B001.0S
N4315-001,RUBBER LINED PCLIP 14-12,RUBBER LINED PCLIP 14-12 | Notice: DIN3016-1 RSGU1 14-12 W1
N7412-001,FUEL FLOW SENSOR,FUEL FLOW SENSOR | Notice: FDS FT-60
N4420-001,RUBBER GASKET 4,RUBBER GASKET 4 | Notice: ROAD AF00.AA02.0001
D31500600A,LOW VALUE WARNING,LOW VALUE WARNING
D27304900A,STALL WARNING AoA,STALL WARNING AoA
N3130-001,BOLT M4x12,BOLT M4x12 | Notice: NFE25-129 M4x12 A2
N3140-011,SCREW M4x12 Zn,SCREW M4x12 Zn | Notice: DIN7985H M4x12 4.8 A2K
N3262-002,SPRING WASHER 4 Zn,SPRING WASHER 4 Zn | Notice: DIN127B 4 FSt A2A
N3250-004,"WASHER 4,3 Zn","WASHER 4,3 Zn | Notice: DIN125A 4,3 140HV A2A"
N3212-002,SPACER BOLT M4-30,SPACER BOLT M4-30 | Notice: FABORY 11396040030
N3227-001,NUT M4 Cd,NUT M4 Cd | Notice: LN9348-04
N7160-003,ACI STALL WARNING HORN,ACI STALL WARNING HORN
N4332-004,DOUBLE SIDED TAPE 19,DOUBLE SIDED TAPE 19 | Notice: TESA 4965
N4320-001,SELF-ADHESIVE BASE 19x19,SELF-ADHESIVE BASE 19x19 | Notice: EURO BACH ABMM-4
N7160-002,ACI STALL WARNING SENZOR,ACI STALL WARNING SENZOR
N3112-021,BOLT M8x58 Cd,BOLT M8x58 Cd | Notice: LN 9037-08 058
D321000040,WASHER,WASHER
D321000060,UPPER RUBBER PLATE,UPPER RUBBER PLATE
D32100200A,ANTI DEFORMATION WASHER,ANTI DEFORMATION WASHER
D321100010,GEAR LEG LH,GEAR LEG LH
D321000050,LOWER RUBBER PLATE,LOWER RUBBER PLATE
D321000020,BRACKET,BRACKET
N3252-005,"SHIM RING 8x14x0,5","SHIM RING 8x14x0,5 | Notice: DIN988 8x14x0,5 A2"
N3227-004,NUT M8 Cd,NUT M8 Cd | Notice: LN 9348-08
N3110-015,BOLT M8x25 Zn,BOLT M8x25 Zn | Notice: DIN933 M8x25 8.8 A2K
N3254-010,"WASHER 8,4 Zn","WASHER 8,4 Zn | Notice: DIN9021 8,4 100HV A2K"
D321000070,DISTANCE TUBE 12x2-10,DISTANCE TUBE 12x2-10
N3130-003,BOLT M5x12,BOLT M5x12 | Notice: NFE25-129 M5x12 A2
D32110400A,CLOSURE LAMINATE,CLOSURE LAMINATE
D321000030,DISTANCE TUBE B1-1,DISTANCE TUBE B1-1
N3254-008,"WASHER 6,4 Zn","WASHER 6,4 Zn | Notice: DIN9021 6,4 100HV A2K"
N3111-010,BOLT M6x60 Zn,BOLT M6x60 Zn | Notice: DIN931 M6x60 8.8 A2K
D32110300A,LAMINATE,LAMINATE
D321100080,LEG COVER LH,LEG COVER LH
N3112-019,BOLT M8x48 Cd,BOLT M8x48 Cd | Notice: LN 9037-08 048
N3250-010,"WASHER 8,4 Zn","WASHER 8,4 Zn | Notice: DIN125A 8,4 200HV A2A"
N3227-004,NUT M8 Cd,NUT M8 Cd | Notice: LN 9348-08
D321200010,GEAR LEG RH,GEAR LEG RH
D32120400A,CLOSURE LAMINATE,CLOSURE LAMINATE
D32120300A,LAMINATE,LAMINATE
N3130-003,BOLT M5x12,BOLT M5x12 | Notice: NFE25-129 M5x12 A2
D321200080,LEG COVER RH,LEG COVER RH
N3110-016,BOLT M8x35 Zn,BOLT M8x35 Zn | Notice: DIN933 M8x35 8.8 A2K
N3254-010,"WASHER 8,4 Zn","WASHER 8,4 Zn | Notice: DIN9021 8,4 100HV A2K"
D32201500A,COVER - LAMINATE,COVER - LAMINATE
D322009010,CLOSURE-LAMINATE,CLOSURE-LAMINATE
N3110-010,BOLT M6x16 Zn,BOLT M6x16 Zn | Notice: DIN933 M6x16 8.8 A2K
N3130-003,BOLT M5x12,BOLT M5x12 | Notice: NFE25-129 M5x12 A2
N3254-008,"WASHER 6,4 Zn","WASHER 6,4 Zn | Notice: DIN9021 6,4 100HV A2K"
N3121-017,SCREW M6x10 Zn,SCREW M6x10 Zn | Notice: DIN912 M6x10 8.8 A2K
N3264-003,"SERRATED WASHER 6,4 Zn","SERRATED WASHER 6,4 Zn | Notice: DIN6798J 6,4 FSt A2K"
D322000080,WHEEL FAIRING PLATE 1,WHEEL FAIRING PLATE 1
D32200800A,WHEEL FAIRING BRACKET 1,WHEEL FAIRING BRACKET 1
N3110-014,BOLT M8x12 Zn,BOLT M8x12 Zn | Notice: DIN933 M8x12 8.8 A2K
N3112-013,BOLT M6x32 Cd,BOLT M6x32 Cd | Notice: LN 9037-06 032
D322000030,PAD,PAD
D32200200A,CARBON FORK LSA,CARBON FORK LSA
N3254-002,"WASHER 4,3 Zn","WASHER 4,3 Zn | Notice: DIN9021 4,3 100HV A2K"
N3340-014,RIVET 4x20,RIVET 4x20 | Notice: DIN7337A 4x20 AL/ST A1P
N3250-007,"WASHER 6,4 Zn","WASHER 6,4 Zn | Notice: DIN125A 6,4 200HV A2A"
N3227-003,NUT M6 Cd,NUT M6 Cd | Notice: LN 9348-06
N3112-011,BOLT M6x28 Cd,BOLT M6x28 Cd | Notice: LN 9037-06 028
N3254-008,"WASHER 6,4 Zn","WASHER 6,4 Zn | Notice: DIN9021 6,4 100HV A2K"
N3250-007,"WASHER 6,4 Zn","WASHER 6,4 Zn | Notice: DIN125A 6,4 200HV A2A"
N3227-003,NUT M6 Cd,NUT M6 Cd | Notice: LN 9348-06
N3112-010,BOLT M6x26 Cd,BOLT M6x26 Cd | Notice: LN 9037-06 026
D90300021A,GROUND WIRE,GROUND WIRE
N4320-001,SELF-ADHESIVE BASE 19x19,SELF-ADHESIVE BASE 19x19 | Notice: EURO BACH ABMM-4
D32201100A,BODY,BODY
N3110-006,BOLT M5x10 Zn,BOLT M5x10 Zn | Notice: DIN933 M5x10 8.8 A2K
N3934-001,NOSE LEG DAMPER,NOSE LEG DAMPER
D322003010,UPPER BUSHING,UPPER BUSHING
D32200100A,NOSE GEAR LEG,NOSE GEAR LEG
N3724-001,"ELASTIC ROPE 8,7","ELASTIC ROPE 8,7 | Notice: PEGA 852317808"
N3321-001,RETAINING RING 10x1,RETAINING RING 10x1 | Notice: DIN471 10x1 470HV 002
D322000020,GUIDE WHEEL,GUIDE WHEEL
D322000010,GUIDE WHEEL AXLE,GUIDE WHEEL AXLE
D322000090,CYLINDER,CYLINDER
N3110-010,BOLT M6x16 Zn,BOLT M6x16 Zn | Notice: DIN933 M6x16 8.8 A2K
N3315-009,SPLIT PIN 2x32 Zn,SPLIT PIN 2x32 Zn | Notice: DIN94 2x32 St A2K
N4410-003,TENSION SPRING 1x10x100,TENSION SPRING 1x10x100 | Notice: DIN2097 1x10x100 A2A
D32200700A,CENTERING MECHANISM,CENTERING MECHANISM
N3112-007,BOLT M6x20 Cd,BOLT M6x20 Cd | Notice: LN 9037-06 020
D322006010,PLASTIC,PLASTIC
D322006020,RUBBER,RUBBER
D32200400A,LOWER SUPPORT,LOWER SUPPORT
D322000100,TUBE,TUBE
D322005020,"BUSHING 42,5x50-8x5","BUSHING 42,5x50-8x5"
D322005010,BODY,BODY
N3121-066,SCREW M6x85 Zn,SCREW M6x85 Zn | Notice: DIN912 M6x85 8.8 A2K
N3146-003,SCREW M4x6,SCREW M4x6 | Notice: DIN914 M4x6 A2
D90300020A,GROUND WIRE,GROUND WIRE
N3725-004,"IRON WIRE 0,8","IRON WIRE 0,8 | Notice: DIN177 0,8 1.0035 ZN"
N3252-002,"SHIM RING 6x12x0,5 Zn","SHIM RING 6x12x0,5 Zn | Notice: DIN988 6x12x0,5 A4C"
D324000090,NUT AXLE,NUT AXLE
D324000150,TAB WASHER 16 Zn,TAB WASHER 16 Zn | Notice: ADAPTED
D324000080,AXLE FRONT FG,AXLE FRONT FG
N4125-001,DISTANCE TUBE,DISTANCE TUBE | Notice: BERINGER AV-SPOOL-001
N4115-001,TIRE 13x5.00-6,TIRE 13x5.00-6 | Notice: BERINGER PAC03
N4116-001,NOSE WHEEL ASSEMBLY,NOSE WHEEL ASSEMBLY | Notice: BERINGER RA-009(C)
N4125-002,DISTANCE TUBE,DISTANCE TUBE | Notice: BERINGER AV-SPOOL-002
N3315-009,SPLIT PIN 2x32 Zn,SPLIT PIN 2x32 Zn | Notice: DIN94 2x32 St A2K
N3224-002,CASTLE NUT M8 Zn6,CASTLE NUT M8 Zn6 | Notice: LDN3210.25 M8 ZN6
N3250-010,"WASHER 8,4 Zn","WASHER 8,4 Zn | Notice: DIN125A 8,4 200HV A2A"
D90300017A,GROUNDING WIRE FG,GROUNDING WIRE FG
D32400100A,HOLDER,HOLDER
D324000010,METAL PLATE,METAL PLATE
N4118-001,AXLE OF MAIN LANDING GEAR,AXLE OF MAIN LANDING GEAR | Notice: BERINGER FUS-001.3(B)
N4121-001,CALIPER,CALIPER | Notice: BERINGER EA-006E
N4120-001,BRAKE PAD,BRAKE PAD
N3326-005,SEALING RING,SEALING RING | Notice: BERINGER HYD-005B
N3820-009,BANJO BOLT M10x1,BANJO BOLT M10x1 | Notice: BERINGER HYD-003P
N4125-004,WASHER,WASHER | Notice: BERINGER RDL-003(A)
D324000100,BOLT M8x52,BOLT M8x52 | Notice: ADAPTED
D324000120,BOLT M8x57,BOLT M8x57 | Notice: ADAPTED
N3725-005,WIRE 1,WIRE 1 | Notice: BERINGER ZPA02
N4117-001,BRAKE DISC,BRAKE DISC | Notice: BERINGER DSC-006E
N4115-002,TIRE 15x6.00-6,TIRE 15x6.00-6 | Notice: BERINGER PAC02
N4116-002,WHEEL ASSEMBLY,WHEEL ASSEMBLY | Notice: BERINGER RF-004
N4125-003,DISTANCE TUBE,DISTANCE TUBE | Notice: BERINGER BGE-016(A)
N3216-001,"NUT M25x1,5 AL","NUT M25x1,5 AL | Notice: BERINGER ECR-002"
-,-,-
D32400400A,HOSE BRAKE 2 FG,HOSE BRAKE 2 FG
D32400300A,HOSE BRAKE 1 FG,HOSE BRAKE 1 FG
D32400500A,HOSE BRAKE 3 FG,HOSE BRAKE 3 FG
ASN3911-301.0300,HOSE,HOSE | Notice: BERINGER HDA01
N4121-001,CALIPER,CALIPER | Notice: BERINGER EA-006E
N3326-005,SEALING RING,SEALING RING | Notice: BERINGER HYD-005B
N3820-009,BANJO BOLT M10x1,BANJO BOLT M10x1 | Notice: BERINGER HYD-003P
N3227-003,NUT M6 Cd,NUT M6 Cd | Notice: LN 9348-06
N3264-003,"SERRATED WASHER 6,4 Zn","SERRATED WASHER 6,4 Zn | Notice: DIN6798J 6,4 FSt A2K"
N4342-101,"SPRING WIRE CLAMP 7,9","SPRING WIRE CLAMP 7,9 | Notice: BERINGER"
N4124-002,BRAKE FLUID RESERVOIR,BRAKE FLUID RESERVOIR | Notice: BERINGER HFA01
N3135-009,SCREW M5x30 Zn,SCREW M5x30 Zn | Notice: DIN965H M5x30 4.8 A2K
D324000020,LEVER HANDLE,LEVER HANDLE
N3250-005,"WASHER 5,3 Zn","WASHER 5,3 Zn | Notice: DIN125A 5,3 140HV A2A"
N3227-002,NUT M5 Cd,NUT M5 Cd | Notice: LN 9348-05
D324000040,LEVER BRAKE,LEVER BRAKE
D32400200A,CONSOLE OF BRAKE LEVER,CONSOLE OF BRAKE LEVER
N3112-008,BOLT M6x22 Cd,BOLT M6x22 Cd | Notice: LN 9037-06 022
N3250-007,"WASHER 6,4 Zn","WASHER 6,4 Zn | Notice: DIN125A 6,4 200HV A2A"
N3315-005,"SPLIT PIN 1,6x25 Zn","SPLIT PIN 1,6x25 Zn | Notice: DIN94 1,6x25 St A2A"
D324000140,"PIN WITH HEAD 6x14x1,6x11","PIN WITH HEAD 6x14x1,6x11"
N3735-001,FORK JOINT 6x12,FORK JOINT 6x12 | Notice: DIN71752G 6x12 A2K
D324000030,THREADED ROD M6x40,THREADED ROD M6x40 | Notice: ADAPTED
N3210-008,HEXAGON NUT M6 Zn,HEXAGON NUT M6 Zn | Notice: DIN934 M6 8 A2K
N4123-001,MASTER CYLINDER,MASTER CYLINDER | Notice: BERINGER MP-002E(A)
N3750-301,ROD END BEARING,ROD END BEARING | Notice: BERINGER ZM-001
D271000010,"WASHER 6,4x10x1,6 200 ada","WASHER 6,4x10x1,6 200 ada"
N3112-009,BOLT M6x25 Cd,BOLT M6x25 Cd | Notice: LN 9037-06 025
N3326-005,SEALING RING,SEALING RING | Notice: BERINGER HYD-005B
-,-,-
N3820-010,DOUBLE BANJO BOLT,DOUBLE BANJO BOLT | Notice: BERINGER HYD-046P
N3830-005,PUSH-ON FITTINGS M10x1,PUSH-ON FITTINGS M10x1 | Notice: BERINGER HYD-011D
N3254-008,"WASHER 6,4 Zn","WASHER 6,4 Zn | Notice: DIN9021 6,4 100HV A2K"
N3254-004,"WASHER 5,3 Zn","WASHER 5,3 Zn | Notice: DIN9021 5,3 100HV A2K"
D324000060,LIMITER BRACKET 1,LIMITER BRACKET 1
D324000070,LIMITER BRACKET 2,LIMITER BRACKET 2
D324000110,RUBBER 1-18x50,RUBBER 1-18x50
N4122-001,PRESSURE LIMITED 20 BAR,PRESSURE LIMITED 20 BAR | Notice: BERINGER LM-001E(A)
D324000050,CYLINDER BRACKET,CYLINDER BRACKET
D324000130,RESERVOIR HOLDER,RESERVOIR HOLDER
N3142-001,SCREW M6x12,SCREW M6x12 | Notice: BERINGER HFA01
N3228-001,NUT M6,NUT M6 | Notice: BERINGER HFA01
N3252-002,"SHIM RING 6x12x0,5 Zn","SHIM RING 6x12x0,5 Zn | Notice: DIN988 6x12x0,5 A4C"
N3112-011,BOLT M6x28 Cd,BOLT M6x28 Cd | Notice: LN 9037-06 028
D325000010,WASHER 6x10x1 St ada,WASHER 6x10x1 St ada
N3750-001,ROD END BEARING,ROD END BEARING | Notice: FLURO GAXSW6
N3250-007,"WASHER 6,4 Zn","WASHER 6,4 Zn | Notice: DIN125A 6,4 200HV A2A"
N3227-003,NUT M6 Cd,NUT M6 Cd | Notice: LN 9348-06
N3253-003,"WASHER 6,4x30x1,5 Zn","WASHER 6,4x30x1,5 Zn | Notice: DIN522C 6,4x30x1,5 A2K"
N4310-002,HOSE CLAMP 16-27x9,HOSE CLAMP 16-27x9 | Notice: DIN3017-1A 16-27x9 W2 B
D32500300A,SLEEVE FLANGE,SLEEVE FLANGE
N3141-001,SCREW 3x10 Zn,SCREW 3x10 Zn | Notice: DIN7996Z 3x10 St A2K
-,-,- | Notice: -
-,-,- | Notice: -
N3210-008,HEXAGON NUT M6 Zn,HEXAGON NUT M6 Zn | Notice: DIN934 M6 8 A2K
N3264-003,"SERRATED WASHER 6,4 Zn","SERRATED WASHER 6,4 Zn | Notice: DIN6798J 6,4 FSt A2K"
D32500200A,PUSH-ROD 2D,PUSH-ROD 2D
D32500100A,PUSH-ROD 1D,PUSH-ROD 1D
N3112-009,BOLT M6x25 Cd,BOLT M6x25 Cd | Notice: LN 9037-06 025
D334001020,SLEEVE,SLEEVE
D334004010,HOLDER,HOLDER
N3110-003,BOLT M4x10 Zn,BOLT M4x10 Zn | Notice: DIN933 M4x10 8.8 A2A
N3140-012,SCREW M3x20 A2,SCREW M3x20 A2 | Notice: DIN7985H M3x20 A2
N3254-002,"WASHER 4,3 Zn","WASHER 4,3 Zn | Notice: DIN9021 4,3 100HV A2K"
N3262-002,SPRING WASHER 4 Zn,SPRING WASHER 4 Zn | Notice: DIN127B 4 FSt A2A
N3343-002,RIVET 3x8,RIVET 3x8 | Notice: DIN661 3x8 AlMgSi
N2948-008,CONNECTOR MR16B,CONNECTOR MR16B | Notice: BRILUM 2362
N2927-002,T TERMINAL COVER,"T TERMINAL COVER | Notice: MALE 6,3mm LOCK"
N6130-001,LANDING LIGHT,"LANDING LIGHT | Notice: MR16,140,12V,270lm,6000K"
N6131-005,LED LIGHT 3IN1 L,LED LIGHT 3IN1 L | Notice: AVEO AVE-WPSTR-20D
N6131-006,LED LIGHT 3IN1 P,LED LIGHT 3IN1 P | Notice: AVEO AVE-WPSTG-20D
N7112-101,"EXPANSION TANK 0,45 l","EXPANSION TANK 0,45 l | Notice: WINTER"
N2430-001,PUR FOAM 50,PUR FOAM 50 | Notice: MOLITAN CME-35 35
N4342-001,"SPRING WIRE CLAMP 7,3","SPRING WIRE CLAMP 7,3 | Notice: TUBES INT.AB-02016012"
N4342-002,"SPRING WIRE CLAMP 7,8","SPRING WIRE CLAMP 7,8 | Notice: TUBES INT.AB-02016020"
N3830-001,PUSH-ON CONNECTOR I 5,PUSH-ON CONNECTOR I 5 | Notice: NORMAPLAST GS5
N3831-002,PUSH-ON CONNECTOR T 5,PUSH-ON CONNECTOR T 5 | Notice: NORMAPLAST TS5
N4631-003,FUEL FILTER FINE,FUEL FILTER FINE | Notice: MFILTER BF01
ASN3913-301.2700,"AIR HOSE 5x1,5-2700","AIR HOSE 5x1,5-2700 | Notice: PVC NOVOPLAST 1129 1184"
ASN3913-301.1120,"AIR HOSE 5x1,5-1120","AIR HOSE 5x1,5-1120 | Notice: PVC NOVOPLAST 1129 1184"
ASN3913-301.0400,"AIR HOSE 5x1,5-400","AIR HOSE 5x1,5-400 | Notice: PVC NOVOPLAST 1129 1184"
ASN3913-301.0280,"AIR HOSE 5x1,5-280","AIR HOSE 5x1,5-280 | Notice: PVC NOVOPLAST 1129 1184"
ASN3913-301.0060,"AIR HOSE 5x1,5-60","AIR HOSE 5x1,5-60 | Notice: PVC NOVOPLAST 1129 1184"
ASN3913-301.0250,"AIR HOSE 5x1,5-250","AIR HOSE 5x1,5-250 | Notice: PVC NOVOPLAST 1129 1184"
ASN3913-301.0800,"AIR HOSE 5x1,5-800","AIR HOSE 5x1,5-800 | Notice: PVC NOVOPLAST 1129 1184"
ASN3913-301.0150,"AIR HOSE 5x1,5-150","AIR HOSE 5x1,5-150 | Notice: PVC NOVOPLAST 1129 1184"
ASN3913-301.2300,"AIR HOSE 5x1,5-2300","AIR HOSE 5x1,5-2300 | Notice: PVC NOVOPLAST 1129 1184"
ASN3913-301.1160,"AIR HOSE 5x1,5-1160","AIR HOSE 5x1,5-1160 | Notice: PVC NOVOPLAST 1129 1184"
ASN3913-301.0470,"AIR HOSE 5x1,5-470","AIR HOSE 5x1,5-470 | Notice: PVC NOVOPLAST 1129 1184"
ASN3913-401.0400,AIR HOSE A-30,AIR HOSE A-30 | Notice: ACK A30.06.04
N3832-002,PUSH-ON CONNECTOR X 5,PUSH-ON CONNECTOR X 5 | Notice: NORMAPLAST KS5
ASN3913-301.1200,"AIR HOSE 5x1,5-1200","AIR HOSE 5x1,5-1200 | Notice: PVC NOVOPLAST 1129 1184"
ASN3913-301.0450,"AIR HOSE 5x1,5-450","AIR HOSE 5x1,5-450 | Notice: PVC NOVOPLAST 1129 1184"
ASN3913-301.0620,"AIR HOSE 5x1,5-620","AIR HOSE 5x1,5-620 | Notice: PVC NOVOPLAST 1129 1184"
ASN3913-301.0410,"AIR HOSE 5x1,5-410","AIR HOSE 5x1,5-410 | Notice: PVC NOVOPLAST 1129 1184"
ASN3913-301.1030,"AIR HOSE 5x1,5-1030","AIR HOSE 5x1,5-1030 | Notice: PVC NOVOPLAST 1129 1184"
N3130-001,BOLT M4x12,BOLT M4x12 | Notice: NFE25-129 M4x12 A2
D34100100A,PITOT-STATOC PROBE,PITOT-STATOC PROBE
N3130-005,BOLT M4x6,BOLT M4x6 | Notice: NFE25-129 M4x6 A2
N7325-002,ALTITUDE ENCODER ACK A30,ALTITUDE ENCODER ACK A30 | Notice: RANGE MODS 5
N7325-002,ALTITUDE ENCODER ACK A30 HOLDER,ALTITUDE ENCODER ACK A30 HOLDER | Notice: SUBPART OF POS. 2
N7325-001,ADAHRS MODULE,ADAHRS MODULE | Notice: DYNON SV-ADAHRS-200
N3830-002,PUSH-ON FITTINGS,PUSH-ON FITTINGS | Notice: NORMAPLAST GES6/R1/8
N3140-005,SCREW M4x16,SCREW M4x16 | Notice: DIN7985H M4x16 4.8 BLP
N3251-002,"WASHER 4,3","WASHER 4,3 | Notice: DIN433 4,3 CU2"
N3262-002,SPRING WASHER 4 Zn,SPRING WASHER 4 Zn | Notice: DIN127B 4 FSt A2A
N3211-001,HEXAGON NUT M4 Zn,HEXAGON NUT M4 Zn | Notice: DIN439B M4 04 A2K
N7410-001,TEMPERATURE SENSOR,TEMPERATURE SENSOR | Notice: DYNON SV-OAT-340
N3520-002,BUSHING 11,BUSHING 11 | Notice: BACH PV-8
D344001010,PLATE,PLATE | Notice: TRX-1500
N7330-001,ANTI-COLLISION SYS. PCAS,ANTI-COLLISION SYS. PCAS | Notice: GARRECHT TRX-1500
N7355-001,ANTENNA ADS-B,ANTENNA ADS-B | Notice: GARRECHT TRX-1500
N7355-002,ANTENNA FLARM,ANTENNA FLARM | Notice: GARRECHT TRX-1500
N3230-002,RIVNUT M4 Zn,RIVNUT M4 Zn | Notice: ARCUS 39057-4030
N3140-011,SCREW M4x12 Zn,SCREW M4x12 Zn | Notice: DIN7985H M4x12 4.8 A2K
N3130-001,BOLT M4x12,BOLT M4x12 | Notice: NFE25-129 M4x12 A2
N3262-002,SPRING WASHER 4 Zn,SPRING WASHER 4 Zn | Notice: DIN127B 4 FSt A2A
N3250-004,"WASHER 4,3 Zn","WASHER 4,3 Zn | Notice: DIN125A 4,3 140HV A2A"
N3254-002,"WASHER 4,3 Zn","WASHER 4,3 Zn | Notice: DIN9021 4,3 100HV A2K"
N3212-002,SPACER BOLT M4-30,SPACER BOLT M4-30 | Notice: FABORY 11396040030
N3145-004,SET SCREW M4x20,SET SCREW M4x20 | Notice: DIN913 M4x20 45H 002
D345002010,REFLECTIVE SURFACE,REFLECTIVE SURFACE | Notice: ANTENNA XPDR
N3227-001,NUT M4 Cd,NUT M4 Cd | Notice: LN9348-04
N3250-004,"WASHER 4,3 Zn","WASHER 4,3 Zn | Notice: DIN125A 4,3 140HV A2A"
N7351-001,ANTENNA VOR,ANTENNA VOR | Notice: COBHAM COMANT CI-158C
N7351-001,ACTIVE PART OF ANTENNA,ACTIVE PART OF ANTENNA | Notice: SUBPART OF POS. 4
N7352-001,ANTENNA XPDR,ANTENNA XPDR | Notice: RAMI AV-22
N7352-001,NUT,NUT | Notice: SUBPART OF POS.6
N7352-001,SERRATED LOCK WASHER,SERRATED LOCK WASHER | Notice: SUBPART OF POS.6
N4331-351,"ALUMINUM TAPE 50,8","ALUMINUM TAPE 50,8 | Notice: 3M 3311 45 m; L=600 mm"
N3254-002,"WASHER 4,3 Zn","WASHER 4,3 Zn | Notice: DIN9021 4,3 100HV A2K"
D345203010,GPS ANTENNA HOLDER RH,GPS ANTENNA HOLDER RH
D345103010,GPS ANTENNA HOLDER LH,GPS ANTENNA HOLDER LH
N7354-002,ANTENNA SV-GPS-250,ANTENNA SV-GPS-250 | Notice: DYNON 101242-000
N7354-001,ANTENNA TRX GPS,ANTENNA TRX GPS | Notice: GARRECHT TRX-1500
N3230-002,RIVNUT M4 Zn,RIVNUT M4 Zn | Notice: ARCUS 39057-4030
N3135-003,SCREW M4x12 Zn,SCREW M4x12 Zn | Notice: DIN965H M4x12 4.8 A2K
N3135-008,SCREW M4x25,SCREW M4x25 | Notice: DIN965H M4x25 A2
N3227-001,NUT M4 Cd,NUT M4 Cd | Notice: LN9348-04
N3252-002,"SHIM RING 6x12x0,5 Zn","SHIM RING 6x12x0,5 Zn | Notice: DIN988 6x12x0,5 A4C"
D39300300A,AUDIOSIGNAL TERMINAL,AUDIOSIGNAL TERMINAL
D39300400A,CONTROL LAMPS TERMINAL,CONTROL LAMPS TERMINAL
N2950-113,HEAT-SHRINKABLE TUBING,"HEAT-SHRINKABLE TUBING | Notice: POS 19,0-9,5 BLACK"
D53102700A,EPS COVER,EPS COVER
D53102800A,INSTALLATION COVER,INSTALLATION COVER
D53112900A,FLOAT SENSOR COVER LH,FLOAT SENSOR COVER LH
D53122900A,FLOAT SENSOR COVER RH,FLOAT SENSOR COVER RH
D53103000A,LUGGAGE BULKHEAD COVER,LUGGAGE BULKHEAD COVER
D53103100A,REAR TUNNEL COVER LSA,REAR TUNNEL COVER LSA
D531000420,SIDEWALL COVER,SIDEWALL COVER
D531000430,SIDEWALL COVER CIRCLE,SIDEWALL COVER CIRCLE
D531000440,MAIN SPAR COVER,MAIN SPAR COVER
D531100450,FUEL FILTER COVER LH,FUEL FILTER COVER LH
D531200450,FUEL FILTER COVER RH,FUEL FILTER COVER RH
D531000470,ANTISKID STRIPE,ANTISKID STRIPE
N3130-001,BOLT M4x12,BOLT M4x12 | Notice: NFE25-129 M4x12 A2
N3130-004,BOLT M5x16,BOLT M5x16 | Notice: NFE25-129 M5x16 A3
N3254-005,"WASHER 5,3","WASHER 5,3 | Notice: DIN9021KST 5,3 PA6.7"
D53104800A,CLOSING MECHANISM CASE,CLOSING MECHANISM CASE
N3341-009,RIVET 4x16,RIVET 4x16 | Notice: DIN7337B 4x16 AL/ST A1P
D55100200A,ELEVATOR ROOT HINGE,ELEVATOR ROOT HINGE
N3250-007,"WASHER 6,4 Zn","WASHER 6,4 Zn | Notice: DIN125A 6,4 200HV A2A"
N3227-003,NUT M6 Cd,NUT M6 Cd | Notice: LN 9348-06
D55210100B,ELEVATOR LSA LH,ELEVATOR LSA LH
D55220100B,ELEVATOR LSA RH,ELEVATOR LSA RH
D55200300A,ROOT LEVER,ROOT LEVER
D271000010,"WASHER 6,4x10x1,6 200 ada","WASHER 6,4x10x1,6 200 ada"
N3112-009,BOLT M6x25 Cd,BOLT M6x25 Cd | Notice: LN 9037-06 025
N3227-003,NUT M6 Cd,NUT M6 Cd | Notice: LN 9348-06
N3226-002,NUT M6 Zn,NUT M6 Zn | Notice: SCHEMPP-HIRTH L01-0638
N3250-007,"WASHER 6,4 Zn","WASHER 6,4 Zn | Notice: DIN125A 6,4 200HV A2A"
N3252-002,"SHIM RING 6x12x0,5 Zn","SHIM RING 6x12x0,5 Zn | Notice: DIN988 6x12x0,5 A4C"
N4331-702,PTFE TAPE 30,PTFE TAPE 30 | Notice: PTFE 30 -33m
N4332-002,DOUBLE SIDED TAPE 12,DOUBLE SIDED TAPE 12 | Notice: TESA 4965 50 m
ASN4330-003.1010,SEALING TAPE MYLAR 30,SEALING TAPE MYLAR 30 | Notice: PROFILBAND WEISS PET 30
N4331-005,WHITE TAPE 12,WHITE TAPE 12 | Notice: TESA 4104 66 m
D55400100B,RUDDER LSA,RUDDER LSA
N3224-001,CASTLE NUT M6 Zn4,CASTLE NUT M6 Zn4 | Notice: LDN3210.25 M6 ZN4
N3250-007,"WASHER 6,4 Zn","WASHER 6,4 Zn | Notice: DIN125A 6,4 200HV A2A"
N3252-002,"SHIM RING 6x12x0,5 Zn","SHIM RING 6x12x0,5 Zn | Notice: DIN988 6x12x0,5 A4C"
N3315-004,"SPLIT PIN 1,6x16 Zn","SPLIT PIN 1,6x16 Zn | Notice: DIN94 1,6x16 St A2K"
N4332-002,DOUBLE SIDED TAPE 12,DOUBLE SIDED TAPE 12 | Notice: TESA 4965 50 m
ASN4330-005.0870,SEALING TAPE MYLAR 43,SEALING TAPE MYLAR 43 | Notice: PROFILBAND WEISS PET 43
N4331-005,WHITE TAPE 12,WHITE TAPE 12 | Notice: TESA 4104 66 m
N4331-703,PTFE TAPE 38,PTFE TAPE 38 | Notice: PTFE 38 -33m
D554000130,BLINDER 25 mm,BLINDER 25 mm
D57210100A,LEFT WING LSA,LEFT WING LSA
D57220100A,RIGHT WING LSA,RIGHT WING LSA
D57200300A,OUTER MAIN PIN FG,OUTER MAIN PIN FG
D57200200A,MAIN PIN,MAIN PIN
D57200400A,AUXILIARY PIN,AUXILIARY PIN
D572001050,BUSHING 18x26-28x1,BUSHING 18x26-28x1
D57201700A,"GUIDE BEARINGS d25,2","GUIDE BEARINGS d25,2"
D90300018A,GROUND WIRE,GROUND WIRE
D90300019A,GROUND WIRE,GROUND WIRE
ASN3335-001,INDUSTRIAL SAFETY PINS,"INDUSTRIAL SAFETY PINS | Notice: 1,3x23"
N3340-017,RIVET 4x14,RIVET 4x14 | Notice: DIN7337A 4x14 AL/ST A1P
N3254-002,"WASHER 4,3 Zn","WASHER 4,3 Zn | Notice: DIN9021 4,3 100HV A2K"
D574000040,STALL STRIP 400 mm,STALL STRIP 400 mm
D574000050,STALL STRIP 200 mm,STALL STRIP 200 mm
D57510200B,WING FLAP LSA LH,WING FLAP LSA LH
D57520200B,WING FLAP LSA RH,WING FLAP LSA RH
D57500300A,"LEVER, WING FLAP","LEVER, WING FLAP"
D575000020,BOLT M6x22,BOLT M6x22 | Notice: ADAPTED
N3252-002,"SHIM RING 6x12x0,5 Zn","SHIM RING 6x12x0,5 Zn | Notice: DIN988 6x12x0,5 A4C"
N3250-007,"WASHER 6,4 Zn","WASHER 6,4 Zn | Notice: DIN125A 6,4 200HV A2A"
N3224-001,CASTLE NUT M6 Zn4,CASTLE NUT M6 Zn4 | Notice: LDN3210.25 M6 ZN4
N3315-005,"SPLIT PIN 1,6x25 Zn","SPLIT PIN 1,6x25 Zn | Notice: DIN94 1,6x25 St A2A"
N3264-003,"SERRATED WASHER 6,4 Zn","SERRATED WASHER 6,4 Zn | Notice: DIN6798J 6,4 FSt A2K"
N3111-026,BOLT M6x35 Zn,BOLT M6x35 Zn | Notice: DIN931 M6x35 8.8 A2K
D57620500C,AILERON LSA RH,AILERON LSA RH
D57620600C,AILERON TRIM TAB,AILERON TRIM TAB
D576201180,ACTUATOR COVER,ACTUATOR COVER
D57600900A,AILERON SERVO,AILERON SERVO
D576001100,TRIM PUSH-PULL ROD,TRIM PUSH-PULL ROD
D576201160,HINGE PIN,HINGE PIN
N3110-002,BOLT M3x12 Zn,BOLT M3x12 Zn | Notice: DIN933 M3x12 8.8 A2K
N3222-001,HEXAGON NUT M3 Zn,HEXAGON NUT M3 Zn | Notice: DIN985 M3 8 A2K
N3250-002,"WASHER 3,2 Zn","WASHER 3,2 Zn | Notice: DIN125A 3,2 140HV A2A"
N3725-004,"IRON WIRE 0,8","IRON WIRE 0,8 | Notice: DIN177 0,8 1.0035 ZN"
D57610100C,AILERON LSA LH,AILERON LSA LH
D576000010,PIN WITH HEAD 6x30,PIN WITH HEAD 6x30
N3113-008,BOLT M6x37 Zn4,BOLT M6x37 Zn4 | Notice: ONL3120.15 M6x37 L-ROL.7
N3224-001,CASTLE NUT M6 Zn4,CASTLE NUT M6 Zn4 | Notice: LDN3210.25 M6 ZN4
N3250-007,"WASHER 6,4 Zn","WASHER 6,4 Zn | Notice: DIN125A 6,4 200HV A2A"
N3252-002,"SHIM RING 6x12x0,5 Zn","SHIM RING 6x12x0,5 Zn | Notice: DIN988 6x12x0,5 A4C"
N3310-002,SPRING PIN 2x12,SPRING PIN 2x12 | Notice: DIN1481 2x12 FSt 002
N3315-005,"SPLIT PIN 1,6x25 Zn","SPLIT PIN 1,6x25 Zn | Notice: DIN94 1,6x25 St A2A"
N4331-702,PTFE TAPE 30,PTFE TAPE 30 | Notice: PTFE 30 -33m
N4332-002,DOUBLE SIDED TAPE 12,DOUBLE SIDED TAPE 12 | Notice: TESA 4965 50 m
N4330-003,SEALING TAPE MYLAR 30,SEALING TAPE MYLAR 30 | Notice: PROFILBAND WEISS PET 30
N4331-005,WHITE TAPE 12,WHITE TAPE 12 | Notice: TESA 4104 66 m
D611000050,SPINNER 1,SPINNER 1
D611000040,BOLT M8x146,BOLT M8x146 | Notice: ADAPTED
D611000030,BALLAST WASHER E,BALLAST WASHER E
D611000010,LARGE PROPELLER FLANGE,LARGE PROPELLER FLANGE
D611000020,SMALL PROPELLER FLANGE,SMALL PROPELLER FLANGE
N3130-002,BOLT M4x16,BOLT M4x16 | Notice: NFE25-129 M4x16 A2
N3121-011,SCREW M5x25 Zn,SCREW M5x25 Zn | Notice: DIN912 M5x25 8.8 A2K
N3254-003,"WASHER 4,3","WASHER 4,3 | Notice: DIN9021KST 4,3 PA6.7"
N3250-005,"WASHER 5,3 Zn","WASHER 5,3 Zn | Notice: DIN125A 5,3 140HV A2A"
N3250-010,"WASHER 8,4 Zn","WASHER 8,4 Zn | Notice: DIN125A 8,4 200HV A2A"
N3227-004,NUT M8 Cd,NUT M8 Cd | Notice: LN 9348-08
N3232-001,NUT FOR RIVETING M4 Cd4,NUT FOR RIVETING M4 Cd4 | Notice: ONL3243 M4 L-W6H.6 Cd4
N3343-002,RIVET 3x8,RIVET 3x8 | Notice: DIN661 3x8 AlMgSi
N5312-001,PROPELLER BLADE,PROPELLER BLADE | Notice: SUBPART OF 20
N5311-001,HUB MOUNT HALF,HUB MOUNT HALF | Notice: SUBPART OF 20
N5311-002,HUB COVER HALF,HUB COVER HALF | Notice: SUBPART OF 20
N5318-001,WASHER 6,WASHER 6 | Notice: SUBPART OF 20
N5318-001,SCREW M6x30,SCREW M6x30 | Notice: SUBPART OF 20
N5318-001,NUT M6,NUT M6 | Notice: SUBPART OF 20
N5310-001,PROP.3-BLADE EVRA,PROP.3-BLADE EVRA | Notice: PERFOLINE 175/xxx/805.5
D611000060,PROPELLER FLANGE BOLT,PROPELLER FLANGE BOLT | Notice: PROPELLER EVRA
N5320-301,WOODCOMP PROPELLER KIT,WOODCOMP PROPELLER KIT | Notice: KW-31
N5320-301,BOLT M8x16,BOLT M8x16 | Notice: SUBPART OF 1
N5320-301,NUT M8,NUT M8 | Notice: SUBPART OF 1
N5320-301,BUSHING,BUSHING | Notice: SUBPART OF 1
N5320-301,CARBON BRUCH HOUSING,CARBON BRUCH HOUSING | Notice: SUBPART OF 1
D71100200A,UPPER ENGINE COWLING,UPPER ENGINE COWLING
D71100100A,ENGINE LOWER COWLING,ENGINE LOWER COWLING
D71100100B,ENGINE LOWER COWLING,ENGINE LOWER COWLING | Notice: TOW version only
D71100400A,OIL INSPECTION DOOR,OIL INSPECTION DOOR
D711002020,AXLE 4-70,AXLE 4-70
-,-,-
N3231-101,NUT FOR RIVETING M5,NUT FOR RIVETING M5 | Notice: DIAMOND LN29985-A05
N3315-005,"SPLIT PIN 1,6x25 Zn","SPLIT PIN 1,6x25 Zn | Notice: DIN94 1,6x25 St A2A"
N3341-001,"RIVET 2,4x6","RIVET 2,4x6 | Notice: DIN7337B 2,4x6 AL/ST A1P"
N3254-005,"WASHER 5,3","WASHER 5,3 | Notice: DIN9021KST 5,3 PA6.7"
N3130-004,BOLT M5x16,BOLT M5x16 | Notice: NFE25-129 M5x16 A3
N3645-301,CAM LOC RETAINING RING Zn,CAM LOC RETAINING RING Zn
N3645-001,CAM LOC RECEPTACLE Zn,CAM LOC RECEPTACLE Zn
N3645-201,CAM LOC GROMMETS Zn,CAM LOC GROMMETS Zn
N3645-102,CAM LOC STUD ASSY Zn,CAM LOC STUD ASSY Zn
N3341-006,RIVET 3x10,RIVET 3x10 | Notice: DIN7337B 3x10 AL/ST A1P
D71200100A,ENGINE MOUNT FG,ENGINE MOUNT FG
D712000010,DISTANCE TUBE 12x2-43,DISTANCE TUBE 12x2-43
D712000020,SILENTBLOCK PLATE,SILENTBLOCK PLATE
D712000030,SLOPED SILENTBLOCK PLATE,SLOPED SILENTBLOCK PLATE
D712000040,PRESSURE RING 10x20-9,PRESSURE RING 10x20-9
D712000050,BOLT M10x46,BOLT M10x46 | Notice: ADAPTED
N3121-040,SCREW M8x90 Zn,SCREW M8x90 Zn | Notice: DIN912 M8x90 8.8 A2K
N3121-041,SCREW M8x100 Zn,SCREW M8x100 Zn | Notice: DIN912 M8x100 8.8 A2K
N3121-050,SCREW M10x50 Zn,SCREW M10x50 Zn | Notice: DIN912 M10x50 8.8 A3K
N3227-004,NUT M8 Cd,NUT M8 Cd | Notice: LN 9348-08
N3250-010,"WASHER 8,4 Zn","WASHER 8,4 Zn | Notice: DIN125A 8,4 200HV A2A"
N3263-001,SPRING WASHER 10 Zn,SPRING WASHER 10 Zn | Notice: DIN7980 10 FSt A2K
N3932-001,SILENTBLOCK 43x33x23,SILENTBLOCK 43x33x23 | Notice: VIZET ROTAX 43x33x23
N5245-001,CARBURETOR GASKET,CARBURETOR GASKET | Notice: ROTAX 931640
N5110-001,ROTAX 912 ULS2,ROTAX 912 ULS2 | Notice: COMBUSTION ENG. ASSY
D71200200A,FORWARD BALLAST KIT,"FORWARD BALLAST KIT | Notice: 1 kg, AS REQUIRED"
D71200200B,FORWARD BALLAST KIT,"FORWARD BALLAST KIT | Notice: 2 kg, AS REQUIRED"
D71200200C,FORWARD BALLAST KIT,"FORWARD BALLAST KIT | Notice: 3 kg, AS REQUIRED"
D714000010,WIRE BRACKET,WIRE BRACKET
N3263-001,SPRING WASHER 10 Zn,SPRING WASHER 10 Zn | Notice: DIN7980 10 FSt A2K
N3121-048,SCREW M10x16 Zn,SCREW M10x16 Zn | Notice: DIN912 M10x16 8.8 A2K
D71600100A,AIRBOX,"AIRBOX | Notice: 4,3x12x1"
D71600500A,BODY,BODY
D71600300A,PRE-HEATING DEFLECTOR,PRE-HEATING DEFLECTOR
D214000030,"DISTANCE TUBE 6x1-6,5","DISTANCE TUBE 6x1-6,5"
D716000010,WASHER 6x18x2 RUBBER,WASHER 6x18x2 RUBBER
D716000020,PRE-HEATING HANDLE,PRE-HEATING HANDLE
D71600400A,RAM AIR TUNNEL LSA,RAM AIR TUNNEL LSA
D716002010,CONNECTING PUSH-ROD,CONNECTING PUSH-ROD
D71600800A,AXLE 1,AXLE 1
D716002020,CARBON FLAP,CARBON FLAP
D71600700A,AXLE 2,AXLE 2
D71600600A,ELBOW,ELBOW
ASN3913-001.0260,"AIR HOSE 51-53,6","AIR HOSE 51-53,6 | Notice: NTC UNIV9 0272051"
ASN3913-002.0420,"AIR HOSE 63-65,6","AIR HOSE 63-65,6 | Notice: NTC UNIV9 0272063"
ASN3913-101.0040,AIR HOSE SILICONE 50,AIR HOSE SILICONE 50 | Notice: RUBENA
ASN3913-101.0060,AIR HOSE SILICONE 50,AIR HOSE SILICONE 50 | Notice: RUBENA
ASN3335-001,INDUSTRIAL SAFETY PINS,"INDUSTRIAL SAFETY PINS | Notice: 1,3x23"
ASN4311-001.0500,PERFORATED STEEL BAND 10,PERFORATED STEEL BAND 10 | Notice: OETIKER PG 17400081
N3254-002,"WASHER 4,3 Zn","WASHER 4,3 Zn | Notice: DIN9021 4,3 100HV A2K"
N3112-006,BOLT M6x18 Cd,BOLT M6x18 Cd | Notice: LN 9037-06 018
N3211-002,HEXAGON NUT M5 Zn,HEXAGON NUT M5 Zn | Notice: DIN439B M5 04 A2K
N3211-003,HEXAGON NUT M6 Zn,HEXAGON NUT M6 Zn | Notice: DIN439B M6 04 A2K
N3222-001,HEXAGON NUT M3 Zn,HEXAGON NUT M3 Zn | Notice: DIN985 M3 8 A2K
N3227-003,NUT M6 Cd,NUT M6 Cd | Notice: LN 9348-06
N3225-001,SELF-LOCKING NUT M4 Zn,SELF-LOCKING NUT M4 Zn | Notice: FABORY 13100040001
N3250-007,"WASHER 6,4 Zn","WASHER 6,4 Zn | Notice: DIN125A 6,4 200HV A2A"
N3254-008,"WASHER 6,4 Zn","WASHER 6,4 Zn | Notice: DIN9021 6,4 100HV A2K"
N4310-006,HOSE CLAMP 40-60x9,HOSE CLAMP 40-60x9 | Notice: DIN3017-1A 40-60x9 W2 B
N4310-007,HOSE CLAMP 50-70x9,HOSE CLAMP 50-70x9 | Notice: DIN3017-1A 50-70x9 W2 B
N4311-002,HOSE CLAMP - LOCK,HOSE CLAMP - LOCK | Notice: OETIKER PG 17400002
N3190-001,BOWDEN CABLE SCREW M6,BOWDEN CABLE SCREW M6
N3540-001,CABLE END FITTING M3,CABLE END FITTING M3 | Notice: KAVAN 1408
N3191-001,RC MODEL SCREW M3,RC MODEL SCREW M3 | Notice: KAVAN 0130A
N3752-001,BOWDEN ENDING,BOWDEN ENDING | Notice: KCK 42425
N2950-108,HEAT-SHRINKABLE TUBING,"HEAT-SHRINKABLE TUBING | Notice: POS 4,8-2,4 BLACK"
N4631-001,AIR FILTER,AIR FILTER | Notice: SPRINT FILTER P102
N4510-101,MECHANICALLY CONTROLLER,MECHANICALLY CONTROLLER | Notice: GAMMA 106-1000-AR-7
N3210-001,HEXAGON NUT M3 Zn,HEXAGON NUT M3 Zn | Notice: DIN934 M3 8 A2K
N3250-002,"WASHER 3,2 Zn","WASHER 3,2 Zn | Notice: DIN125A 3,2 140HV A2A"
N3262-001,SPRING WASHER 3 Zn,SPRING WASHER 3 Zn | Notice: DIN127B 3 FSt A2A
N3315-004,"SPLIT PIN 1,6x16 Zn","SPLIT PIN 1,6x16 Zn | Notice: DIN94 1,6x16 St A2K"
N4413-001,COMPRESSION SPRING,"COMPRESSION SPRING | Notice: STN026002 0,8x5,8x11x6,5"
D717000010,3-WAY SMALL DISTRIBUTOR,3-WAY SMALL DISTRIBUTOR
D71700100A,OVERFLOW HOSES HOLDER,OVERFLOW HOSES HOLDER
ASN3910-101.0950,FUEL HOSE 4x3-950,FUEL HOSE 4x3-950 | Notice: SEMPER FLEX 680310430
ASN3910-101.0450,FUEL HOSE 4x3-450,FUEL HOSE 4x3-450 | Notice: SEMPER FLEX 680310430
ASN3910-101.0750,FUEL HOSE 4x3-750,FUEL HOSE 4x3-750 | Notice: SEMPER FLEX 680310430
ASN3910-101.0200,FUEL HOSE 4x3-200,FUEL HOSE 4x3-200 | Notice: SEMPER FLEX 680310430
ASN3910-402.0730,"FUEL HOSE 7,9x3,2-730","FUEL HOSE 7,9x3,2-730 | Notice: SAE J30R9"
ASN3910-101.0800,FUEL HOSE 4x3-800,FUEL HOSE 4x3-800 | Notice: SEMPER FLEX 680310430
ASN3910-101.0550,FUEL HOSE 4x3-550,FUEL HOSE 4x3-550 | Notice: SEMPER FLEX 680310430
ASN3910-101.0230,FUEL HOSE 4x3-230,FUEL HOSE 4x3-230 | Notice: SEMPER FLEX 680310430
ASN3910-101.0265,FUEL HOSE 4x3-265,FUEL HOSE 4x3-265 | Notice: SEMPER FLEX 680310430
N5216-001,DRIP TRAY,DRIP TRAY | Notice: ROTAX 874300
N4344-002,"PRESSING CLAMP 10,9","PRESSING CLAMP 10,9 | Notice: OETIKER PG16702492"
N4343-010,"PRESSING CLAMP 17,5","PRESSING CLAMP 17,5 | Notice: OETIKER PG15400040"
N4310-003,HOSE CLAMP 20-32x9,HOSE CLAMP 20-32x9 | Notice: DIN3017-1A 20-32x9 W2 B
N3141-001,SCREW 3x10 Zn,SCREW 3x10 Zn | Notice: DIN7996Z 3x10 St A2K
D75200100A,WATER COOL. HOLDER FG1,WATER COOL. HOLDER FG1
D75200200A,COOLING TUBE Y,COOLING TUBE Y
D752000050,COOLING TUBE 1,COOLING TUBE 1
D752000060,COOLING TUBE 2,COOLING TUBE 2
D75200300A,OVERFLOW BOTTLE BRACKET,OVERFLOW BOTTLE BRACKET
ASN3916-003.8040,WATER ELBOW 90 25x80-40,WATER ELBOW 90 25x80-40 | Notice: ROTAX 922382
ASN3916-003.3515,WATER ELBOW 90 25x35-15,WATER ELBOW 90 25x35-15 | Notice: ROTAX 922382
ASN3912-101.0075,"WATER HOSE 25,4x4,3-75","WATER HOSE 25,4x4,3-75 | Notice: CALORTEC HT 125"
ASN3912-101.0115,"WATER HOSE 25,4x4,3-115","WATER HOSE 25,4x4,3-115 | Notice: CALORTEC HT 125"
ASN3912-101.0090,"WATER HOSE 25,4x4,3-90","WATER HOSE 25,4x4,3-90 | Notice: CALORTEC HT 125"
ASN3910-402.0700,"FUEL HOSE 7,9x3,2-700","FUEL HOSE 7,9x3,2-700 | Notice: SAE J30R9"
N4630-003,WATER COOLER,WATER COOLER | Notice: ROTAX 997080
N4634-002,OVERFLOW BOTTLE,OVERFLOW BOTTLE | Notice: ROTAX 922327
N3130-004,BOLT M5x16,BOLT M5x16 | Notice: NFE25-129 M5x16 A3
N3130-001,BOLT M4x12,BOLT M4x12 | Notice: NFE25-129 M4x12 A2
N3254-005,"WASHER 5,3","WASHER 5,3 | Notice: DIN9021KST 5,3 PA6.7"
N3250-007,"WASHER 6,4 Zn","WASHER 6,4 Zn | Notice: DIN125A 6,4 200HV A2A"
N3254-008,"WASHER 6,4 Zn","WASHER 6,4 Zn | Notice: DIN9021 6,4 100HV A2K"
N3264-003,"SERRATED WASHER 6,4 Zn","SERRATED WASHER 6,4 Zn | Notice: DIN6798J 6,4 FSt A2K"
N3112-007,BOLT M6x20 Cd,BOLT M6x20 Cd | Notice: LN 9037-06 020
N3121-020,SCREW M6x20 Zn,SCREW M6x20 Zn | Notice: DIN912 M6x20 8.8 A2K
N3227-003,NUT M6 Cd,NUT M6 Cd | Notice: LN 9348-06
N4343-009,"PRESSING CLAMP 15,5","PRESSING CLAMP 15,5 | Notice: OETIKER PG15400036"
N4341-103,SPRING BAND CLAMP 35,SPRING BAND CLAMP 35 | Notice: DIN3021A 35x12
N4310-004,HOSE CLAMP 25-40x9,HOSE CLAMP 25-40x9 | Notice: DIN3017-1A 25-40x9 W2 B
N2430-001,PUR FOAM 50,PUR FOAM 50 | Notice: MOLITAN CME-35 35
N4644-101,"WATER THERMOSTAT 180, FRANZ 10423","WATER THERMOSTAT 180, FRANZ 10423 | Notice: Orginal P/N: 10423"
N4644-100,"WATER THERMOSTAT 180, FRANZ 10809","WATER THERMOSTAT 180, FRANZ 10809 | Notice: Orginal P/N: 10809
Alternative part"
N4341-101,SPRING BAND CLAMP 32,SPRING BAND CLAMP 32 | Notice: DIN3021A 32x12
D75200100B,WATER COOL. HOLDER FG2,WATER COOL. HOLDER FG2
D752000090,BAFFLE FOR CYL. COOL. 1,BAFFLE FOR CYL. COOL. 1
N4421-001,EDGE PROTECTIONS 10,EDGE PROTECTIONS 10 | Notice: NCH10
D76100100A,THROTTLE CONTROLLER,THROTTLE CONTROLLER
D76100300A,CHOKE CONTROLLER N,CHOKE CONTROLLER N
D761000010,CHOKE HANDLE,CHOKE HANDLE
D761000020,TRANSIT RING LSA,TRANSIT RING LSA
D761002010,ROLL,ROLL
ASN3710-001.1020,"BOWDEN HOSE 2,2x1.4","BOWDEN HOSE 2,2x1.4 | Notice: STN28481 2,2x1,4"
ASN3710-001.0940,"BOWDEN HOSE 2,2x1,4","BOWDEN HOSE 2,2x1,4 | Notice: STN28481 2,2x1,4"
ASN3710-001.1040,"BOWDEN HOSE 2,2x1,4","BOWDEN HOSE 2,2x1,4 | Notice: STN28481 2,2x1,4"
ASN3710-001.1080,"BOWDEN HOSE 2,2x1,4","BOWDEN HOSE 2,2x1,4 | Notice: STN28481 2,2x1,4"
N4310-002,HOSE CLAMP 16-27x9,HOSE CLAMP 16-27x9 | Notice: DIN3017-1A 16-27x9 W2 B
N3752-001,BOWDEN ENDING,BOWDEN ENDING | Notice: KCK 42425
N3340-012,RIVET 4x16,RIVET 4x16 | Notice: DIN7337A 4x16 AL/ST A1P
N3250-004,"WASHER 4,3 Zn","WASHER 4,3 Zn | Notice: DIN125A 4,3 140HV A2A"
N3145-002,SET SCREW M4x6 Zn,SET SCREW M4x6 Zn | Notice: DIN913 M4x6 45H A2K
D774001010,COVER,COVER
N7410-007,TEMPERATURE SENSOR,TEMPERATURE SENSOR | Notice: DYNON EGT 0.75-1.75
N3121-021,SCREW M6x25 Zn,SCREW M6x25 Zn | Notice: DIN912 M6x25 8.8 A2K
N3130-001,BOLT M4x12,BOLT M4x12 | Notice: NFE25-129 M4x12 A2
N3112-014,BOLT M6x36 Cd,BOLT M6x36 Cd | Notice: LN 9037-06 036
N3227-003,NUT M6 Cd,NUT M6 Cd | Notice: LN 9348-06
N3227-001,NUT M4 Cd,NUT M4 Cd | Notice: LN9348-04
N3250-007,"WASHER 6,4 Zn","WASHER 6,4 Zn | Notice: DIN125A 6,4 200HV A2A"
N3254-008,"WASHER 6,4 Zn","WASHER 6,4 Zn | Notice: DIN9021 6,4 100HV A2K"
N3250-004,"WASHER 4,3 Zn","WASHER 4,3 Zn | Notice: DIN125A 4,3 140HV A2A"
N2915-400,CURRENT MEASURING SHUNT,CURRENT MEASURING SHUNT | Notice: DYNON 100412-000
N7240-001,EMS MODUL,EMS MODUL | Notice: DYNON SV-EMS-220
N7410-002,TEMPERATURE SENSOR,TEMPERATURE SENSOR | Notice: ROTAX 965531
-,-,-
N2929-401,FLAT TERMINAL,"FLAT TERMINAL | Notice: 6,3x0,8 MALE M10 RF"
N7410-003,TEMPERATURE SENSOR,TEMPERATURE SENSOR | Notice: DYNON 100468-000
N7411-003,MANIFOLD PRESSURE SENSOR,MANIFOLD PRESSURE SENSOR | Notice: DYNON 100434-000
N4343-006,"PRESSING CLAMP 13,8","PRESSING CLAMP 13,8 | Notice: OETIKER PG15400032"
ASN3910-401.0470,"FUEL HOSE 6,4x3,2-470","FUEL HOSE 6,4x3,2-470 | Notice: SAE J30R9"
N4343-008,"PRESSING CLAMP 14,5","PRESSING CLAMP 14,5 | Notice: OETIKER PG15400034"
N7411-001,OIL PRESSURE SENSOR,"OIL PRESSURE SENSOR | Notice: KELLER PAA-21Y, R.956415"
D78120200A,EXHAUST TUBE CYL. 1 FG,EXHAUST TUBE CYL. 1 FG
D78120100A,EXHAUST TUBE CYL. 3 FG,EXHAUST TUBE CYL. 3 FG
D78110200A,EXHAUST TUBE CYL. 2 FG,EXHAUST TUBE CYL. 2 FG
D78110100A,EXHAUST TUBE CYL. 4 FG,EXHAUST TUBE CYL. 4 FG
D78100300A,MUFFLER FG,MUFFLER FG
D781006010,CLAMP STRIP,CLAMP STRIP
D781006020,CLAMP ROLL,CLAMP ROLL
D781000010,MUFFLER UPPER HOLDER FG,MUFFLER UPPER HOLDER FG
D78100400A,MUFFLER MIDDLE HOLDER FG,MUFFLER MIDDLE HOLDER FG
D78120500A,MUFFLER LOWER HOLDER FG RH,MUFFLER LOWER HOLDER FG RH
D78110500A,MUFFLER LOWER HOLDER FG LH,MUFFLER LOWER HOLDER FG LH
N3121-018,SCREW M6x12 Zn,SCREW M6x12 Zn | Notice: DIN912 M6x12 8.8 A2K
N3111-009,BOLT M6x55 Zn,BOLT M6x55 Zn | Notice: DIN931 M6x55 8.8 A2K
N3225-003,SELF-LOCKING NUT M6 Zn,SELF-LOCKING NUT M6 Zn | Notice: FABORY 13100060001
N3250-007,"WASHER 6,4 Zn","WASHER 6,4 Zn | Notice: DIN125A 6,4 200HV A2A"
N3264-003,"SERRATED WASHER 6,4 Zn","SERRATED WASHER 6,4 Zn | Notice: DIN6798J 6,4 FSt A2K"
N4316-101,SLEEVE 30-33,SLEEVE 30-33 | Notice: NORMA ARS M8-33 W1
N3220-001,SELF-LOCKING NUT M8,SELF-LOCKING NUT M8 | Notice: DIN14441 M8 St NV12 ElCu
D951000010,DISTANCE TUBE 8x1-25,DISTANCE TUBE 8x1-25
D951000020,BOLT M6x50,BOLT M6x50
D951000030,TAIL SKID METAL PLATE,TAIL SKID METAL PLATE
D951000040,BLINDER,BLINDER
N3137-001,SCREW 3x10 Zn,SCREW 3x10 Zn | Notice: DIN7505A 3x10 St A2C
N3226-002,NUT M6 Zn,NUT M6 Zn | Notice: SCHEMPP-HIRTH L01-0638
N3252-002,"SHIM RING 6x12x0,5 Zn","SHIM RING 6x12x0,5 Zn | Notice: DIN988 6x12x0,5 A4C"
D95100100A,HANDLE CONSOLE,HANDLE CONSOLE
D95100200A,TURNBUCKLE,TURNBUCKLE
D272000040,"DISTANCE TUBE 8x1-4,5","DISTANCE TUBE 8x1-4,5"
D951000050,LEVER 1,LEVER 1
D951000060,LEVER 2,LEVER 2
D271000030,BOLT M6x22 10.9. Ada,BOLT M6x22 10.9. Ada
D272000050,"DISTANCE TUBE 8x1-8,5","DISTANCE TUBE 8x1-8,5"
D275000010,"DISTANCE TUBE 10x1,9-5","DISTANCE TUBE 10x1,9-5"
N3112-004,BOLT M5x20 Cd,BOLT M5x20 Cd | Notice: LN 9037-05 020
N3112-009,BOLT M6x25 Cd,BOLT M6x25 Cd | Notice: LN 9037-06 025
N3112-008,BOLT M6x22 Cd,BOLT M6x22 Cd | Notice: LN 9037-06 022
N3112-013,BOLT M6x32 Cd,BOLT M6x32 Cd | Notice: LN 9037-06 032
N3110-003,BOLT M4x10 Zn,BOLT M4x10 Zn | Notice: DIN933 M4x10 8.8 A2A
N3222-002,HEXAGON NUT M4 Zn,HEXAGON NUT M4 Zn | Notice: DIN985 M4 8 A2K
N3227-002,NUT M5 Cd,NUT M5 Cd | Notice: LN 9348-05
N3227-003,NUT M6 Cd,NUT M6 Cd | Notice: LN 9348-06
N3224-001,CASTLE NUT M6 Zn4,CASTLE NUT M6 Zn4 | Notice: LDN3210.25 M6 ZN4
N3250-004,"WASHER 4,3 Zn","WASHER 4,3 Zn | Notice: DIN125A 4,3 140HV A2A"
N3254-002,"WASHER 4,3 Zn","WASHER 4,3 Zn | Notice: DIN9021 4,3 100HV A2K"
N3252-002,"SHIM RING 6x12x0,5 Zn","SHIM RING 6x12x0,5 Zn | Notice: DIN988 6x12x0,5 A4C"
N3250-007,"WASHER 6,4 Zn","WASHER 6,4 Zn | Notice: DIN125A 6,4 200HV A2A"
N3254-008,"WASHER 6,4 Zn","WASHER 6,4 Zn | Notice: DIN9021 6,4 100HV A2K"
N3250-005,"WASHER 5,3 Zn","WASHER 5,3 Zn | Notice: DIN125A 5,3 140HV A2A"
N3315-003,"SPLIT PIN 1,6x12 Zn","SPLIT PIN 1,6x12 Zn | Notice: DIN94 1,6x12 St A2A"
N3725-004,"IRON WIRE 0,8","IRON WIRE 0,8 | Notice: DIN177 0,8 1.0035 ZN"
N3611-101,T HANDLE YELLOW,T HANDLE YELLOW | Notice: SCHEMPP-HIRTH L11-0033
N3745-002,"THIMBLE 2,1-3,0","THIMBLE 2,1-3,0 | Notice: TOST 222300"
N3510-002,"PRESSING CLIPS 2,4-2,6","PRESSING CLIPS 2,4-2,6 | Notice: TOST 217282"
N3720-001,"STEEL ROPE 2,4","STEEL ROPE 2,4 | Notice: ISO2020-1 7x7 2,4 St VZ"
N4316-301,SLEEVE 3,SLEEVE 3 | Notice: FIX&FASTEN KTCC-3
D90300016A,GROUND WIRE,GROUND WIRE
D90300004B,GROUND WIRE,GROUND WIRE
D951100110,LEFT REAR VIEW MIRROR,LEFT REAR VIEW MIRROR
D951000020,BOLT M6x50,BOLT M6x50 | Notice: ADAPTED
D951000030,TAIL SKID METAL PLATE,TAIL SKID METAL PLATE
D951000090,BOLT M6x54 St,BOLT M6x54 St | Notice: ADAPTED
D95100300A,CAMERA ASSEMBLY,CAMERA ASSEMBLY
D95100500A,CAMERA CONNECTION MODULE,CAMERA CONNECTION MODULE
N3138-002,SCREW M5x12 Zn,SCREW M5x12 Zn | Notice: DIN966H M5x12 4.8 A2K
N3226-002,NUT M6 Zn,NUT M6 Zn | Notice: SCHEMPP-HIRTH L01-0638
N3252-002,"SHIM RING 6x12x0,5 Zn","SHIM RING 6x12x0,5 Zn | Notice: DIN988 6x12x0,5 A4C"
N6120-001,RELEASE FOR AERO TOW,RELEASE FOR AERO TOW
N3137-001,SCREW 3x10 Zn,SCREW 3x10 Zn | Notice: DIN7505A 3x10 St A2C
